,Sample_ID,Mutation_Type,Protein_Change,Hugo_Symbol
0,C3L-00006,Nonsense_Mutation,p.R233*,PTEN
2,C3L-00032,Nonsense_Mutation,p.W111*,PTEN
5,C3L-00137,Nonsense_Mutation,p.Y180*,PTEN
7,C3L-00145,Frame_Shift_Ins,p.E242*,PTEN
8,C3L-00156,Nonsense_Mutation,p.E7*,PTEN
9,C3L-00161,Frame_Shift_Del,p.K267Rfs*9,PTEN
10,C3L-00413,Frame_Shift_Del,p.N262Qfs*35,PTEN
12,C3L-00563,Nonsense_Mutation,p.Q214*,PTEN
13,C3L-00586,Nonsense_Mutation,p.E7*,PTEN
14,C3L-00601,Nonsense_Mutation,p.E7*,PTEN
15,C3L-00605,Nonsense_Mutation,p.Q97*,PTEN
16,C3L-00767,Frame_Shift_Del,p.T321Kfs*22,PTEN
17,C3L-00769,Frame_Shift_Del,p.N12Tfs*12,PTEN
19,C3L-00771,Nonsense_Mutation,p.R233*,PTEN
20,C3L-00780,Frame_Shift_Del,p.G293Efs*14,PTEN
21,C3L-00781,Frame_Shift_Del,p.K267Rfs*9,PTEN
22,C3L-00918,Nonsense_Mutation,p.R130*,PTEN
23,C3L-00921,Nonsense_Mutation,p.Q171*,PTEN
25,C3L-00946,Frame_Shift_Ins,p.P248Tfs*5,PTEN
26,C3L-00949,Frame_Shift_Del,p.K267Rfs*30,PTEN
28,C3L-01248,Frame_Shift_Del,p.C296*,PTEN
29,C3L-01249,Frame_Shift_Del,p.D51*,PTEN
30,C3L-01252,Frame_Shift_Del,p.K267Rfs*9,PTEN
31,C3L-01256,Frame_Shift_Del,p.N329Kfs*14,PTEN
32,C3L-01257,Frame_Shift_Del,p.P30Yfs*11,PTEN
33,C3L-01275,Nonsense_Mutation,p.Q245*,PTEN
34,C3L-01282,Nonsense_Mutation,p.G209*,PTEN
35,C3L-01304,Frame_Shift_Ins,p.I168Sfs*13,PTEN
36,C3L-01307,Nonsense_Mutation,p.W274*,PTEN
38,C3L-01312,Nonsense_Mutation,p.R233*,PTEN
39,C3L-01744,Frame_Shift_Ins,p.V166Sfs*14,PTEN
40,C3N-00151,Nonsense_Mutation,p.E99*,PTEN
41,C3N-00200,Frame_Shift_Del,p.G44Qfs*3,PTEN
42,C3N-00321,Frame_Shift_Del,p.V290*,PTEN
43,C3N-00322,Frame_Shift_Del,p.G293Efs*14,PTEN
44,C3N-00323,Frame_Shift_Del,p.F258Sfs*8,PTEN
45,C3N-00324,Nonsense_Mutation,p.G293*,PTEN
46,C3N-00326,Frame_Shift_Del,p.Y88Sfs*3,PTEN
49,C3N-00334,Nonsense_Mutation,p.E99*,PTEN
50,C3N-00335,Frame_Shift_Del,p.T319*,PTEN
56,C3N-00386,Frame_Shift_Del,p.L140Qfs*36,PTEN
58,C3N-00389,Frame_Shift_Ins,p.N323Kfs*2,PTEN
60,C3N-00734,Frame_Shift_Ins,p.M134Nfs*46,PTEN
63,C3N-00848,Frame_Shift_Del,p.R47Efs*4,PTEN
64,C3N-00858,Nonsense_Mutation,p.S287*,PTEN
66,C3N-00880,Nonsense_Mutation,p.C304*,PTEN
67,C3N-01211,Nonsense_Mutation,p.R130*,PTEN
68,C3N-01212,Nonsense_Mutation,p.R233*,PTEN
69,C3N-01217,Frame_Shift_Del,p.I253Qfs*44,PTEN
71,C3N-01267,Nonsense_Mutation,p.Y27*,PTEN
72,C3N-01349,Nonsense_Mutation,p.R130*,PTEN
73,C3N-01510,Nonsense_Mutation,p.R130*,PTEN
74,C3N-01520,Frame_Shift_Del,p.N323Mfs*21,PTEN
