,Sample_ID,Hugo_Symbol,Mutation_Type,Protein_Change
1,C3L-00006,PTEN,Nonsense_Mutation,p.R233*
3,C3L-00032,PTEN,Nonsense_Mutation,p.W111*
7,C3L-00137,PTEN,Frame_Shift_Ins,p.H118Qfs*8
8,C3L-00137,PTEN,Nonsense_Mutation,p.Y180*
11,C3L-00145,PTEN,Frame_Shift_Ins,p.E242*
12,C3L-00156,PTEN,Nonsense_Mutation,p.E7*
15,C3L-00161,PTEN,Frame_Shift_Del,p.K267Rfs*9
16,C3L-00161,PTEN,Frame_Shift_Del,p.T319*
17,C3L-00413,PTEN,Frame_Shift_Del,p.N262Qfs*35
20,C3L-00563,PTEN,Nonsense_Mutation,p.Q214*
21,C3L-00586,PTEN,Nonsense_Mutation,p.E7*
23,C3L-00586,PTEN,Nonsense_Mutation,p.Y176*
24,C3L-00601,PTEN,Nonsense_Mutation,p.E7*
26,C3L-00601,PTEN,Frame_Shift_Ins,p.N323Kfs*2
28,C3L-00605,PTEN,Nonsense_Mutation,p.Q97*
29,C3L-00767,PTEN,Frame_Shift_Del,p.T321Kfs*22
30,C3L-00769,PTEN,Frame_Shift_Del,p.N12Tfs*12
36,C3L-00771,PTEN,Nonsense_Mutation,p.R233*
38,C3L-00780,PTEN,Frame_Shift_Del,p.G293Efs*14
39,C3L-00781,PTEN,Frame_Shift_Del,p.K267Rfs*9
41,C3L-00918,PTEN,Nonsense_Mutation,p.R130*
42,C3L-00918,PTEN,Frame_Shift_Ins,p.L295Sfs*3
43,C3L-00921,PTEN,Nonsense_Mutation,p.Q171*
45,C3L-00946,PTEN,Frame_Shift_Ins,p.P248Tfs*5
47,C3L-00949,PTEN,Frame_Shift_Del,p.K267Rfs*30
50,C3L-01248,PTEN,Frame_Shift_Del,p.C296*
51,C3L-01249,PTEN,Frame_Shift_Del,p.D51*
53,C3L-01252,PTEN,Frame_Shift_Del,p.K267Rfs*9
54,C3L-01256,PTEN,Frame_Shift_Del,p.N329Kfs*14
55,C3L-01257,PTEN,Frame_Shift_Del,p.P30Yfs*11
56,C3L-01275,PTEN,Nonsense_Mutation,p.Q245*
57,C3L-01282,PTEN,Nonsense_Mutation,p.G209*
58,C3L-01282,PTEN,Frame_Shift_Ins,p.P248Tfs*5
59,C3L-01304,PTEN,Frame_Shift_Ins,p.I168Sfs*13
61,C3L-01307,PTEN,Nonsense_Mutation,p.W274*
65,C3L-01312,PTEN,Nonsense_Mutation,p.R233*
67,C3L-01744,PTEN,Frame_Shift_Ins,p.V166Sfs*14
69,C3N-00151,PTEN,Nonsense_Mutation,p.E99*
72,C3N-00200,PTEN,Frame_Shift_Del,p.G44Qfs*3
73,C3N-00200,PTEN,Frame_Shift_Del,p.T319*
74,C3N-00321,PTEN,Frame_Shift_Del,p.V290*
75,C3N-00322,PTEN,Frame_Shift_Del,p.G293Efs*14
76,C3N-00323,PTEN,Frame_Shift_Del,p.F258Sfs*8
79,C3N-00324,PTEN,Nonsense_Mutation,p.G293*
81,C3N-00326,PTEN,Frame_Shift_Del,p.Y88Sfs*3
86,C3N-00334,PTEN,Nonsense_Mutation,p.E99*
87,C3N-00335,PTEN,Frame_Shift_Del,p.T319*
97,C3N-00386,PTEN,Frame_Shift_Del,p.L140Qfs*36
101,C3N-00389,PTEN,Frame_Shift_Ins,p.N323Kfs*2
103,C3N-00734,PTEN,Frame_Shift_Ins,p.M134Nfs*46
107,C3N-00848,PTEN,Frame_Shift_Del,p.R47Efs*4
108,C3N-00858,PTEN,Nonsense_Mutation,p.S287*
109,C3N-00858,PTEN,Frame_Shift_Del,p.I300Mfs*7
113,C3N-00880,PTEN,Nonsense_Mutation,p.C304*
114,C3N-01211,PTEN,Nonsense_Mutation,p.R130*
115,C3N-01211,PTEN,Frame_Shift_Del,p.N323Kfs*12
117,C3N-01212,PTEN,Nonsense_Mutation,p.R233*
118,C3N-01217,PTEN,Frame_Shift_Del,p.I253Qfs*44
120,C3N-01267,PTEN,Nonsense_Mutation,p.Y27*
121,C3N-01349,PTEN,Nonsense_Mutation,p.R130*
122,C3N-01510,PTEN,Nonsense_Mutation,p.R130*
123,C3N-01510,PTEN,Nonsense_Mutation,p.R233*
124,C3N-01520,PTEN,Frame_Shift_Ins,p.D268Gfs*30
125,C3N-01520,PTEN,Frame_Shift_Del,p.N323Mfs*21
